addalheid,
ailaughatmyownjokes,
athena__cos,
atreegod,
attikiss,
avery.wade.kelley,
avi.akbar,
avocadosnaliens,
dannyphantom.exe,
blacksuitblonde,
blacksuitbrunette,
charlesthegr8,
claudcirillo,
dancesinshadows,
grizzoworld,
iambeckydee,
itsyaboygriffin,
jacontheseahorse,
jodellemicahferland,
juliafox038711,
kamehalani,
kaylabutternut,
kit_the_beefcake,
lactoseintolerantcharlie,
maladytheclown,
oh.robin,
paaz_11,
pinkmantaray,
punktoad,
ratatootle,
rhearipley_wwe,
ryn_rrj,
sam_breaking_sad,
sickbigdog,
steffzombie,
stuffwithbits,
thedarcymichael,
tracksuitsandredwine_,
trancendent_tess,
zayden_222,
